path,spoken_language,signed_language,start,end,words,glosses,priority
poses/the.pose,en,ase,0,0,the,The,0
poses/of.pose,en,ase,0,0,of,Of,0
poses/to.pose,en,ase,0,0,to,To,0
poses/and.pose,en,ase,0,0,and,And,0
poses/a.pose,en,ase,0,0,a,A,0
poses/in.pose,en,ase,0,0,in,In,0
poses/is.pose,en,ase,0,0,is,Is,0
poses/it.pose,en,ase,0,0,it,It,0
poses/you.pose,en,ase,0,0,you,You,0
poses/that.pose,en,ase,0,0,that,That,0
poses/he.pose,en,ase,0,0,he,He,0
poses/was.pose,en,ase,0,0,was,Was,0
poses/for.pose,en,ase,0,0,for,For,0
poses/on.pose,en,ase,0,0,on,On,0
poses/are.pose,en,ase,0,0,are,Are,0
poses/with.pose,en,ase,0,0,with,With,0
poses/as.pose,en,ase,0,0,as,As,0
poses/I.pose,en,ase,0,0,I,I,0
poses/his.pose,en,ase,0,0,his,His,0
poses/they.pose,en,ase,0,0,they,They,0
poses/be.pose,en,ase,0,0,be,Be,0
poses/at.pose,en,ase,0,0,at,At,0
poses/one.pose,en,ase,0,0,one,One,0
poses/have.pose,en,ase,0,0,have,Have,0
poses/this.pose,en,ase,0,0,this,This,0
poses/from.pose,en,ase,0,0,from,From,0
poses/or.pose,en,ase,0,0,or,Or,0
poses/had.pose,en,ase,0,0,had,Had,0
poses/by.pose,en,ase,0,0,by,By,0
poses/not.pose,en,ase,0,0,not,Not,0
poses/word.pose,en,ase,0,0,word,Word,0
poses/but.pose,en,ase,0,0,but,But,0
poses/what.pose,en,ase,0,0,what,What,0
poses/some.pose,en,ase,0,0,some,Some,0
poses/we.pose,en,ase,0,0,we,We,0
poses/can.pose,en,ase,0,0,can,Can,0
poses/out.pose,en,ase,0,0,out,Out,0
poses/other.pose,en,ase,0,0,other,Other,0
poses/were.pose,en,ase,0,0,were,Were,0
poses/all.pose,en,ase,0,0,all,All,0
poses/there.pose,en,ase,0,0,there,There,0
poses/when.pose,en,ase,0,0,when,When,0
poses/up.pose,en,ase,0,0,up,Up,0
poses/use.pose,en,ase,0,0,use,Use,0
poses/your.pose,en,ase,0,0,your,Your,0
poses/how.pose,en,ase,0,0,how,How,0
poses/said.pose,en,ase,0,0,said,Said,0
poses/an.pose,en,ase,0,0,an,An,0
poses/each.pose,en,ase,0,0,each,Each,0
poses/she.pose,en,ase,0,0,she,She,0
poses/which.pose,en,ase,0,0,which,Which,0
poses/do.pose,en,ase,0,0,do,Do,0
poses/their.pose,en,ase,0,0,their,Their,0
poses/time.pose,en,ase,0,0,time,Time,0
poses/if.pose,en,ase,0,0,if,If,0
poses/will.pose,en,ase,0,0,will,Will,0
poses/way.pose,en,ase,0,0,way,Way,0
poses/about.pose,en,ase,0,0,about,About,0
poses/many.pose,en,ase,0,0,many,Many,0
poses/then.pose,en,ase,0,0,then,Then,0
poses/them.pose,en,ase,0,0,them,Them,0
poses/write.pose,en,ase,0,0,write,Write,0
poses/would.pose,en,ase,0,0,would,Would,0
poses/like.pose,en,ase,0,0,like,Like,0
poses/so.pose,en,ase,0,0,so,So,0
poses/these.pose,en,ase,0,0,these,These,0
poses/her.pose,en,ase,0,0,her,Her,0
poses/long.pose,en,ase,0,0,long,Long,0
poses/make.pose,en,ase,0,0,make,Make,0
poses/thing.pose,en,ase,0,0,thing,Thing,0
poses/see.pose,en,ase,0,0,see,See,0
poses/him.pose,en,ase,0,0,him,Him,0
poses/two.pose,en,ase,0,0,two,Two,0
poses/has.pose,en,ase,0,0,has,Has,0
poses/look.pose,en,ase,0,0,look,Look,0
poses/more.pose,en,ase,0,0,more,More,0
poses/day.pose,en,ase,0,0,day,Day,0
poses/could.pose,en,ase,0,0,could,Could,0
poses/go.pose,en,ase,0,0,go,Go,0
poses/come.pose,en,ase,0,0,come,Come,0
poses/did.pose,en,ase,0,0,did,Did,0
poses/number.pose,en,ase,0,0,number,Number,0
poses/sound.pose,en,ase,0,0,sound,Sound,0
poses/no.pose,en,ase,0,0,no,No,0
poses/most.pose,en,ase,0,0,most,Most,0
poses/people.pose,en,ase,0,0,people,People,0
poses/my.pose,en,ase,0,0,my,My,0
poses/over.pose,en,ase,0,0,over,Over,0
poses/know.pose,en,ase,0,0,know,Know,0
poses/water.pose,en,ase,0,0,water,Water,0
poses/than.pose,en,ase,0,0,than,Than,0
poses/call.pose,en,ase,0,0,call,Call,0
poses/first.pose,en,ase,0,0,first,First,0
poses/who.pose,en,ase,0,0,who,Who,0
poses/may.pose,en,ase,0,0,may,May,0
poses/down.pose,en,ase,0,0,down,Down,0
poses/side.pose,en,ase,0,0,side,Side,0
poses/been.pose,en,ase,0,0,been,Been,0
poses/now.pose,en,ase,0,0,now,Now,0
poses/find.pose,en,ase,0,0,find,Find,0
poses/any.pose,en,ase,0,0,any,Any,0
poses/new.pose,en,ase,0,0,new,New,0
poses/work.pose,en,ase,0,0,work,Work,0
poses/part.pose,en,ase,0,0,part,Part,0
poses/take.pose,en,ase,0,0,take,Take,0
poses/get.pose,en,ase,0,0,get,Get,0
poses/place.pose,en,ase,0,0,place,Place,0
poses/made.pose,en,ase,0,0,made,Made,0
poses/live.pose,en,ase,0,0,live,Live,0
poses/where.pose,en,ase,0,0,where,Where,0
poses/after.pose,en,ase,0,0,after,After,0
poses/back.pose,en,ase,0,0,back,Back,0
poses/little.pose,en,ase,0,0,little,Little,0
poses/only.pose,en,ase,0,0,only,Only,0
poses/round.pose,en,ase,0,0,round,Round,0
poses/man.pose,en,ase,0,0,man,Man,0
poses/year.pose,en,ase,0,0,year,Year,0
poses/came.pose,en,ase,0,0,came,Came,0
poses/show.pose,en,ase,0,0,show,Show,0
poses/every.pose,en,ase,0,0,every,Every,0
poses/good.pose,en,ase,0,0,good,Good,0
poses/me.pose,en,ase,0,0,me,Me,0
poses/give.pose,en,ase,0,0,give,Give,0
poses/our.pose,en,ase,0,0,our,Our,0
poses/under.pose,en,ase,0,0,under,Under,0
poses/name.pose,en,ase,0,0,name,Name,0
poses/very.pose,en,ase,0,0,very,Very,0
poses/through.pose,en,ase,0,0,through,Through,0
poses/just.pose,en,ase,0,0,just,Just,0
poses/form.pose,en,ase,0,0,form,Form,0
poses/sentence.pose,en,ase,0,0,sentence,Sentence,0
poses/great.pose,en,ase,0,0,great,Great,0
poses/think.pose,en,ase,0,0,think,Think,0
poses/say.pose,en,ase,0,0,say,Say,0
poses/help.pose,en,ase,0,0,help,Help,0
poses/low.pose,en,ase,0,0,low,Low,0
poses/line.pose,en,ase,0,0,line,Line,0
poses/differ.pose,en,ase,0,0,differ,Differ,0
poses/turn.pose,en,ase,0,0,turn,Turn,0
poses/cause.pose,en,ase,0,0,cause,Cause,0
poses/much.pose,en,ase,0,0,much,Much,0
poses/mean.pose,en,ase,0,0,mean,Mean,0
poses/before.pose,en,ase,0,0,before,Before,0
poses/move.pose,en,ase,0,0,move,Move,0
poses/right.pose,en,ase,0,0,right,Right,0
poses/boy.pose,en,ase,0,0,boy,Boy,0
poses/old.pose,en,ase,0,0,old,Old,0
poses/too.pose,en,ase,0,0,too,Too,0
poses/same.pose,en,ase,0,0,same,Same,0
poses/tell.pose,en,ase,0,0,tell,Tell,0
poses/does.pose,en,ase,0,0,does,Does,0
poses/set.pose,en,ase,0,0,set,Set,0
poses/three.pose,en,ase,0,0,three,Three,0
poses/want.pose,en,ase,0,0,want,Want,0
poses/air.pose,en,ase,0,0,air,Air,0
poses/well.pose,en,ase,0,0,well,Well,0
poses/also.pose,en,ase,0,0,also,Also,0
poses/play.pose,en,ase,0,0,play,Play,0
poses/small.pose,en,ase,0,0,small,Small,0
poses/end.pose,en,ase,0,0,end,End,0
poses/put.pose,en,ase,0,0,put,Put,0
poses/home.pose,en,ase,0,0,home,Home,0
poses/read.pose,en,ase,0,0,read,Read,0
poses/hand.pose,en,ase,0,0,hand,Hand,0
poses/port.pose,en,ase,0,0,port,Port,0
poses/large.pose,en,ase,0,0,large,Large,0
poses/spell.pose,en,ase,0,0,spell,Spell,0
poses/add.pose,en,ase,0,0,add,Add,0
poses/even.pose,en,ase,0,0,even,Even,0
poses/land.pose,en,ase,0,0,land,Land,0
poses/here.pose,en,ase,0,0,here,Here,0
poses/must.pose,en,ase,0,0,must,Must,0
poses/big.pose,en,ase,0,0,big,Big,0
poses/high.pose,en,ase,0,0,high,High,0
poses/such.pose,en,ase,0,0,such,Such,0
poses/follow.pose,en,ase,0,0,follow,Follow,0
poses/act.pose,en,ase,0,0,act,Act,0
poses/why.pose,en,ase,0,0,why,Why,0
poses/ask.pose,en,ase,0,0,ask,Ask,0
poses/men.pose,en,ase,0,0,men,Men,0
poses/change.pose,en,ase,0,0,change,Change,0
poses/went.pose,en,ase,0,0,went,Went,0
poses/light.pose,en,ase,0,0,light,Light,0
poses/kind.pose,en,ase,0,0,kind,Kind,0
poses/off.pose,en,ase,0,0,off,Off,0
poses/need.pose,en,ase,0,0,need,Need,0
poses/house.pose,en,ase,0,0,house,House,0
poses/picture.pose,en,ase,0,0,picture,Picture,0
poses/try.pose,en,ase,0,0,try,Try,0
poses/us.pose,en,ase,0,0,us,Us,0
poses/again.pose,en,ase,0,0,again,Again,0
poses/animal.pose,en,ase,0,0,animal,Animal,0
poses/point.pose,en,ase,0,0,point,Point,0
poses/mother.pose,en,ase,0,0,mother,Mother,0
poses/world.pose,en,ase,0,0,world,World,0
poses/near.pose,en,ase,0,0,near,Near,0
poses/build.pose,en,ase,0,0,build,Build,0
poses/self.pose,en,ase,0,0,self,Self,0
poses/earth.pose,en,ase,0,0,earth,Earth,0
poses/father.pose,en,ase,0,0,father,Father,0
poses/head.pose,en,ase,0,0,head,Head,0
poses/stand.pose,en,ase,0,0,stand,Stand,0
poses/own.pose,en,ase,0,0,own,Own,0
poses/page.pose,en,ase,0,0,page,Page,0
poses/should.pose,en,ase,0,0,should,Should,0
poses/country.pose,en,ase,0,0,country,Country,0
poses/found.pose,en,ase,0,0,found,Found,0
poses/answer.pose,en,ase,0,0,answer,Answer,0
poses/school.pose,en,ase,0,0,school,School,0
poses/grow.pose,en,ase,0,0,grow,Grow,0
poses/study.pose,en,ase,0,0,study,Study,0
poses/still.pose,en,ase,0,0,still,Still,0
poses/learn.pose,en,ase,0,0,learn,Learn,0
poses/plant.pose,en,ase,0,0,plant,Plant,0
poses/cover.pose,en,ase,0,0,cover,Cover,0
poses/food.pose,en,ase,0,0,food,Food,0
poses/sun.pose,en,ase,0,0,sun,Sun,0
poses/four.pose,en,ase,0,0,four,Four,0
poses/between.pose,en,ase,0,0,between,Between,0
poses/state.pose,en,ase,0,0,state,State,0
poses/keep.pose,en,ase,0,0,keep,Keep,0
poses/eye.pose,en,ase,0,0,eye,Eye,0
poses/never.pose,en,ase,0,0,never,Never,0
poses/last.pose,en,ase,0,0,last,Last,0
poses/let.pose,en,ase,0,0,let,Let,0
poses/thought.pose,en,ase,0,0,thought,Thought,0
poses/city.pose,en,ase,0,0,city,City,0
poses/tree.pose,en,ase,0,0,tree,Tree,0
poses/cross.pose,en,ase,0,0,cross,Cross,0
poses/farm.pose,en,ase,0,0,farm,Farm,0
poses/hard.pose,en,ase,0,0,hard,Hard,0
poses/start.pose,en,ase,0,0,start,Start,0
poses/might.pose,en,ase,0,0,might,Might,0
poses/story.pose,en,ase,0,0,story,Story,0
poses/saw.pose,en,ase,0,0,saw,Saw,0
poses/far.pose,en,ase,0,0,far,Far,0
poses/sea.pose,en,ase,0,0,sea,Sea,0
poses/draw.pose,en,ase,0,0,draw,Draw,0
poses/left.pose,en,ase,0,0,left,Left,0
poses/late.pose,en,ase,0,0,late,Late,0
poses/run.pose,en,ase,0,0,run,Run,0
poses/don't.pose,en,ase,0,0,don't,Don't,0
poses/while.pose,en,ase,0,0,while,While,0
poses/press.pose,en,ase,0,0,press,Press,0
poses/close.pose,en,ase,0,0,close,Close,0
poses/night.pose,en,ase,0,0,night,Night,0
poses/real.pose,en,ase,0,0,real,Real,0
poses/life.pose,en,ase,0,0,life,Life,0
poses/few.pose,en,ase,0,0,few,Few,0
poses/north.pose,en,ase,0,0,north,North,0
poses/open.pose,en,ase,0,0,open,Open,0
poses/seem.pose,en,ase,0,0,seem,Seem,0
poses/together.pose,en,ase,0,0,together,Together,0
poses/next.pose,en,ase,0,0,next,Next,0
poses/white.pose,en,ase,0,0,white,White,0
poses/children.pose,en,ase,0,0,children,Children,0
poses/begin.pose,en,ase,0,0,begin,Begin,0
poses/got.pose,en,ase,0,0,got,Got,0
poses/walk.pose,en,ase,0,0,walk,Walk,0
poses/example.pose,en,ase,0,0,example,Example,0
poses/ease.pose,en,ase,0,0,ease,Ease,0
poses/paper.pose,en,ase,0,0,paper,Paper,0
poses/group.pose,en,ase,0,0,group,Group,0
poses/always.pose,en,ase,0,0,always,Always,0
poses/music.pose,en,ase,0,0,music,Music,0
poses/those.pose,en,ase,0,0,those,Those,0
poses/both.pose,en,ase,0,0,both,Both,0
poses/mark.pose,en,ase,0,0,mark,Mark,0
poses/often.pose,en,ase,0,0,often,Often,0
poses/letter.pose,en,ase,0,0,letter,Letter,0
poses/until.pose,en,ase,0,0,until,Until,0
poses/mile.pose,en,ase,0,0,mile,Mile,0
poses/river.pose,en,ase,0,0,river,River,0
poses/car.pose,en,ase,0,0,car,Car,0
poses/feet.pose,en,ase,0,0,feet,Feet,0
poses/care.pose,en,ase,0,0,care,Care,0
poses/second.pose,en,ase,0,0,second,Second,0
poses/book.pose,en,ase,0,0,book,Book,0
poses/carry.pose,en,ase,0,0,carry,Carry,0
poses/took.pose,en,ase,0,0,took,Took,0
poses/science.pose,en,ase,0,0,science,Science,0
poses/eat.pose,en,ase,0,0,eat,Eat,0
poses/room.pose,en,ase,0,0,room,Room,0
poses/friend.pose,en,ase,0,0,friend,Friend,0
poses/began.pose,en,ase,0,0,began,Began,0
poses/idea.pose,en,ase,0,0,idea,Idea,0
poses/fish.pose,en,ase,0,0,fish,Fish,0
poses/mountain.pose,en,ase,0,0,mountain,Mountain,0
poses/stop.pose,en,ase,0,0,stop,Stop,0
poses/once.pose,en,ase,0,0,once,Once,0
poses/base.pose,en,ase,0,0,base,Base,0
poses/hear.pose,en,ase,0,0,hear,Hear,0
poses/horse.pose,en,ase,0,0,horse,Horse,0
poses/cut.pose,en,ase,0,0,cut,Cut,0
poses/sure.pose,en,ase,0,0,sure,Sure,0
poses/watch.pose,en,ase,0,0,watch,Watch,0
poses/color.pose,en,ase,0,0,color,Color,0
poses/face.pose,en,ase,0,0,face,Face,0
poses/wood.pose,en,ase,0,0,wood,Wood,0
poses/main.pose,en,ase,0,0,main,Main,0
poses/enough.pose,en,ase,0,0,enough,Enough,0
poses/plain.pose,en,ase,0,0,plain,Plain,0
poses/girl.pose,en,ase,0,0,girl,Girl,0
poses/usual.pose,en,ase,0,0,usual,Usual,0
poses/young.pose,en,ase,0,0,young,Young,0
poses/ready.pose,en,ase,0,0,ready,Ready,0
poses/above.pose,en,ase,0,0,above,Above,0
poses/ever.pose,en,ase,0,0,ever,Ever,0
poses/red.pose,en,ase,0,0,red,Red,0
poses/list.pose,en,ase,0,0,list,List,0
poses/though.pose,en,ase,0,0,though,Though,0
poses/feel.pose,en,ase,0,0,feel,Feel,0
poses/talk.pose,en,ase,0,0,talk,Talk,0
poses/bird.pose,en,ase,0,0,bird,Bird,0
poses/soon.pose,en,ase,0,0,soon,Soon,0
poses/body.pose,en,ase,0,0,body,Body,0
poses/dog.pose,en,ase,0,0,dog,Dog,0
poses/family.pose,en,ase,0,0,family,Family,0
poses/direct.pose,en,ase,0,0,direct,Direct,0
poses/pose.pose,en,ase,0,0,pose,Pose,0
poses/leave.pose,en,ase,0,0,leave,Leave,0
poses/song.pose,en,ase,0,0,song,Song,0
poses/measure.pose,en,ase,0,0,measure,Measure,0
poses/door.pose,en,ase,0,0,door,Door,0
poses/product.pose,en,ase,0,0,product,Product,0
poses/black.pose,en,ase,0,0,black,Black,0
poses/short.pose,en,ase,0,0,short,Short,0
poses/numeral.pose,en,ase,0,0,numeral,Numeral,0
poses/class.pose,en,ase,0,0,class,Class,0
poses/wind.pose,en,ase,0,0,wind,Wind,0
poses/question.pose,en,ase,0,0,question,Question,0
poses/happen.pose,en,ase,0,0,happen,Happen,0
poses/complete.pose,en,ase,0,0,complete,Complete,0
poses/ship.pose,en,ase,0,0,ship,Ship,0
poses/area.pose,en,ase,0,0,area,Area,0
poses/half.pose,en,ase,0,0,half,Half,0
poses/rock.pose,en,ase,0,0,rock,Rock,0
poses/order.pose,en,ase,0,0,order,Order,0
poses/fire.pose,en,ase,0,0,fire,Fire,0
poses/south.pose,en,ase,0,0,south,South,0
poses/problem.pose,en,ase,0,0,problem,Problem,0
poses/piece.pose,en,ase,0,0,piece,Piece,0
poses/told.pose,en,ase,0,0,told,Told,0
poses/knew.pose,en,ase,0,0,knew,Knew,0
poses/pass.pose,en,ase,0,0,pass,Pass,0
poses/since.pose,en,ase,0,0,since,Since,0
poses/top.pose,en,ase,0,0,top,Top,0
poses/whole.pose,en,ase,0,0,whole,Whole,0
poses/king.pose,en,ase,0,0,king,King,0
poses/space.pose,en,ase,0,0,space,Space,0
poses/heard.pose,en,ase,0,0,heard,Heard,0
poses/best.pose,en,ase,0,0,best,Best,0
poses/hour.pose,en,ase,0,0,hour,Hour,0
poses/better.pose,en,ase,0,0,better,Better,0
poses/true.pose,en,ase,0,0,true,True,0
poses/during.pose,en,ase,0,0,during,During,0
poses/hundred.pose,en,ase,0,0,hundred,Hundred,0
poses/five.pose,en,ase,0,0,five,Five,0
poses/remember.pose,en,ase,0,0,remember,Remember,0
poses/step.pose,en,ase,0,0,step,Step,0
poses/early.pose,en,ase,0,0,early,Early,0
poses/hold.pose,en,ase,0,0,hold,Hold,0
poses/west.pose,en,ase,0,0,west,West,0
poses/ground.pose,en,ase,0,0,ground,Ground,0
poses/interest.pose,en,ase,0,0,interest,Interest,0
poses/reach.pose,en,ase,0,0,reach,Reach,0
poses/fast.pose,en,ase,0,0,fast,Fast,0
poses/verb.pose,en,ase,0,0,verb,Verb,0
poses/sing.pose,en,ase,0,0,sing,Sing,0
poses/listen.pose,en,ase,0,0,listen,Listen,0
poses/six.pose,en,ase,0,0,six,Six,0
poses/table.pose,en,ase,0,0,table,Table,0
poses/travel.pose,en,ase,0,0,travel,Travel,0
poses/less.pose,en,ase,0,0,less,Less,0
poses/morning.pose,en,ase,0,0,morning,Morning,0
poses/ten.pose,en,ase,0,0,ten,Ten,0
poses/simple.pose,en,ase,0,0,simple,Simple,0
poses/several.pose,en,ase,0,0,several,Several,0
poses/vowel.pose,en,ase,0,0,vowel,Vowel,0
poses/toward.pose,en,ase,0,0,toward,Toward,0
poses/war.pose,en,ase,0,0,war,War,0
poses/lay.pose,en,ase,0,0,lay,Lay,0
poses/against.pose,en,ase,0,0,against,Against,0
poses/pattern.pose,en,ase,0,0,pattern,Pattern,0
poses/slow.pose,en,ase,0,0,slow,Slow,0
poses/center.pose,en,ase,0,0,center,Center,0
poses/love.pose,en,ase,0,0,love,Love,0
poses/person.pose,en,ase,0,0,person,Person,0
poses/money.pose,en,ase,0,0,money,Money,0
poses/serve.pose,en,ase,0,0,serve,Serve,0
poses/appear.pose,en,ase,0,0,appear,Appear,0
poses/road.pose,en,ase,0,0,road,Road,0
poses/map.pose,en,ase,0,0,map,Map,0
poses/rain.pose,en,ase,0,0,rain,Rain,0
poses/rule.pose,en,ase,0,0,rule,Rule,0
poses/govern.pose,en,ase,0,0,govern,Govern,0
poses/pull.pose,en,ase,0,0,pull,Pull,0
poses/cold.pose,en,ase,0,0,cold,Cold,0
poses/notice.pose,en,ase,0,0,notice,Notice,0
poses/voice.pose,en,ase,0,0,voice,Voice,0
poses/unit.pose,en,ase,0,0,unit,Unit,0
poses/power.pose,en,ase,0,0,power,Power,0
poses/town.pose,en,ase,0,0,town,Town,0
poses/fine.pose,en,ase,0,0,fine,Fine,0
poses/certain.pose,en,ase,0,0,certain,Certain,0
poses/fly.pose,en,ase,0,0,fly,Fly,0
poses/fall.pose,en,ase,0,0,fall,Fall,0
poses/lead.pose,en,ase,0,0,lead,Lead,0
poses/cry.pose,en,ase,0,0,cry,Cry,0
poses/dark.pose,en,ase,0,0,dark,Dark,0
poses/machine.pose,en,ase,0,0,machine,Machine,0
poses/note.pose,en,ase,0,0,note,Note,0
poses/wait.pose,en,ase,0,0,wait,Wait,0
poses/plan.pose,en,ase,0,0,plan,Plan,0
poses/figure.pose,en,ase,0,0,figure,Figure,0
poses/star.pose,en,ase,0,0,star,Star,0
poses/box.pose,en,ase,0,0,box,Box,0
poses/noun.pose,en,ase,0,0,noun,Noun,0
poses/field.pose,en,ase,0,0,field,Field,0
poses/rest.pose,en,ase,0,0,rest,Rest,0
poses/correct.pose,en,ase,0,0,correct,Correct,0
poses/able.pose,en,ase,0,0,able,Able,0
poses/pound.pose,en,ase,0,0,pound,Pound,0
poses/done.pose,en,ase,0,0,done,Done,0
poses/beauty.pose,en,ase,0,0,beauty,Beauty,0
poses/drive.pose,en,ase,0,0,drive,Drive,0
poses/stood.pose,en,ase,0,0,stood,Stood,0
poses/contain.pose,en,ase,0,0,contain,Contain,0
poses/front.pose,en,ase,0,0,front,Front,0
poses/teach.pose,en,ase,0,0,teach,Teach,0
poses/week.pose,en,ase,0,0,week,Week,0
poses/final.pose,en,ase,0,0,final,Final,0
poses/gave.pose,en,ase,0,0,gave,Gave,0
poses/green.pose,en,ase,0,0,green,Green,0
poses/oh.pose,en,ase,0,0,oh,Oh,0
poses/quick.pose,en,ase,0,0,quick,Quick,0
poses/develop.pose,en,ase,0,0,develop,Develop,0
poses/ocean.pose,en,ase,0,0,ocean,Ocean,0
poses/warm.pose,en,ase,0,0,warm,Warm,0
poses/free.pose,en,ase,0,0,free,Free,0
poses/minute.pose,en,ase,0,0,minute,Minute,0
poses/strong.pose,en,ase,0,0,strong,Strong,0
poses/special.pose,en,ase,0,0,special,Special,0
poses/mind.pose,en,ase,0,0,mind,Mind,0
poses/behind.pose,en,ase,0,0,behind,Behind,0
poses/clear.pose,en,ase,0,0,clear,Clear,0
poses/tail.pose,en,ase,0,0,tail,Tail,0
poses/produce.pose,en,ase,0,0,produce,Produce,0
poses/fact.pose,en,ase,0,0,fact,Fact,0
poses/street.pose,en,ase,0,0,street,Street,0
poses/inch.pose,en,ase,0,0,inch,Inch,0
poses/multiply.pose,en,ase,0,0,multiply,Multiply,0
poses/nothing.pose,en,ase,0,0,nothing,Nothing,0
poses/course.pose,en,ase,0,0,course,Course,0
poses/stay.pose,en,ase,0,0,stay,Stay,0
poses/wheel.pose,en,ase,0,0,wheel,Wheel,0
poses/full.pose,en,ase,0,0,full,Full,0
poses/force.pose,en,ase,0,0,force,Force,0
poses/blue.pose,en,ase,0,0,blue,Blue,0
poses/object.pose,en,ase,0,0,object,Object,0
poses/decide.pose,en,ase,0,0,decide,Decide,0
poses/surface.pose,en,ase,0,0,surface,Surface,0
poses/deep.pose,en,ase,0,0,deep,Deep,0
poses/moon.pose,en,ase,0,0,moon,Moon,0
poses/island.pose,en,ase,0,0,island,Island,0
poses/foot.pose,en,ase,0,0,foot,Foot,0
poses/system.pose,en,ase,0,0,system,System,0
poses/busy.pose,en,ase,0,0,busy,Busy,0
poses/test.pose,en,ase,0,0,test,Test,0
poses/record.pose,en,ase,0,0,record,Record,0
poses/boat.pose,en,ase,0,0,boat,Boat,0
poses/common.pose,en,ase,0,0,common,Common,0
poses/gold.pose,en,ase,0,0,gold,Gold,0
poses/possible.pose,en,ase,0,0,possible,Possible,0
poses/plane.pose,en,ase,0,0,plane,Plane,0
poses/stead.pose,en,ase,0,0,stead,Stead,0
poses/dry.pose,en,ase,0,0,dry,Dry,0
poses/wonder.pose,en,ase,0,0,wonder,Wonder,0
poses/laugh.pose,en,ase,0,0,laugh,Laugh,0
poses/thousand.pose,en,ase,0,0,thousand,Thousand,0
poses/ago.pose,en,ase,0,0,ago,Ago,0
poses/ran.pose,en,ase,0,0,ran,Ran,0
poses/check.pose,en,ase,0,0,check,Check,0
poses/game.pose,en,ase,0,0,game,Game,0
poses/shape.pose,en,ase,0,0,shape,Shape,0
poses/equate.pose,en,ase,0,0,equate,Equate,0
poses/hot.pose,en,ase,0,0,hot,Hot,0
poses/miss.pose,en,ase,0,0,miss,Miss,0
poses/brought.pose,en,ase,0,0,brought,Brought,0
poses/heat.pose,en,ase,0,0,heat,Heat,0
poses/snow.pose,en,ase,0,0,snow,Snow,0
poses/tire.pose,en,ase,0,0,tire,Tire,0
poses/bring.pose,en,ase,0,0,bring,Bring,0
poses/yes.pose,en,ase,0,0,yes,Yes,0
poses/distant.pose,en,ase,0,0,distant,Distant,0
poses/fill.pose,en,ase,0,0,fill,Fill,0
poses/east.pose,en,ase,0,0,east,East,0
poses/paint.pose,en,ase,0,0,paint,Paint,0
poses/language.pose,en,ase,0,0,language,Language,0
poses/among.pose,en,ase,0,0,among,Among,0
poses/grand.pose,en,ase,0,0,grand,Grand,0
poses/ball.pose,en,ase,0,0,ball,Ball,0
poses/yet.pose,en,ase,0,0,yet,Yet,0
poses/wave.pose,en,ase,0,0,wave,Wave,0
poses/drop.pose,en,ase,0,0,drop,Drop,0
poses/heart.pose,en,ase,0,0,heart,Heart,0
poses/am.pose,en,ase,0,0,am,Am,0
poses/present.pose,en,ase,0,0,present,Present,0
poses/heavy.pose,en,ase,0,0,heavy,Heavy,0
poses/dance.pose,en,ase,0,0,dance,Dance,0
poses/engine.pose,en,ase,0,0,engine,Engine,0
poses/position.pose,en,ase,0,0,position,Position,0
poses/arm.pose,en,ase,0,0,arm,Arm,0
poses/wide.pose,en,ase,0,0,wide,Wide,0
poses/sail.pose,en,ase,0,0,sail,Sail,0
poses/material.pose,en,ase,0,0,material,Material,0
poses/size.pose,en,ase,0,0,size,Size,0
poses/vary.pose,en,ase,0,0,vary,Vary,0
poses/settle.pose,en,ase,0,0,settle,Settle,0
poses/speak.pose,en,ase,0,0,speak,Speak,0
poses/weight.pose,en,ase,0,0,weight,Weight,0
poses/general.pose,en,ase,0,0,general,General,0
poses/ice.pose,en,ase,0,0,ice,Ice,0
poses/matter.pose,en,ase,0,0,matter,Matter,0
poses/circle.pose,en,ase,0,0,circle,Circle,0
poses/pair.pose,en,ase,0,0,pair,Pair,0
poses/include.pose,en,ase,0,0,include,Include,0
poses/divide.pose,en,ase,0,0,divide,Divide,0
poses/syllable.pose,en,ase,0,0,syllable,Syllable,0
poses/felt.pose,en,ase,0,0,felt,Felt,0
poses/perhaps.pose,en,ase,0,0,perhaps,Perhaps,0
poses/pick.pose,en,ase,0,0,pick,Pick,0
poses/sudden.pose,en,ase,0,0,sudden,Sudden,0
poses/count.pose,en,ase,0,0,count,Count,0
poses/square.pose,en,ase,0,0,square,Square,0
poses/reason.pose,en,ase,0,0,reason,Reason,0
poses/length.pose,en,ase,0,0,length,Length,0
poses/represent.pose,en,ase,0,0,represent,Represent,0
poses/art.pose,en,ase,0,0,art,Art,0
poses/subject.pose,en,ase,0,0,subject,Subject,0
poses/region.pose,en,ase,0,0,region,Region,0
poses/energy.pose,en,ase,0,0,energy,Energy,0
poses/hunt.pose,en,ase,0,0,hunt,Hunt,0
poses/probable.pose,en,ase,0,0,probable,Probable,0
poses/bed.pose,en,ase,0,0,bed,Bed,0
poses/brother.pose,en,ase,0,0,brother,Brother,0
poses/egg.pose,en,ase,0,0,egg,Egg,0
poses/ride.pose,en,ase,0,0,ride,Ride,0
poses/cell.pose,en,ase,0,0,cell,Cell,0
poses/believe.pose,en,ase,0,0,believe,Believe,0
poses/fraction.pose,en,ase,0,0,fraction,Fraction,0
poses/forest.pose,en,ase,0,0,forest,Forest,0
poses/sit.pose,en,ase,0,0,sit,Sit,0
poses/race.pose,en,ase,0,0,race,Race,0
poses/window.pose,en,ase,0,0,window,Window,0
poses/store.pose,en,ase,0,0,store,Store,0
poses/summer.pose,en,ase,0,0,summer,Summer,0
poses/train.pose,en,ase,0,0,train,Train,0
poses/sleep.pose,en,ase,0,0,sleep,Sleep,0
poses/prove.pose,en,ase,0,0,prove,Prove,0
poses/lone.pose,en,ase,0,0,lone,Lone,0
poses/leg.pose,en,ase,0,0,leg,Leg,0
poses/exercise.pose,en,ase,0,0,exercise,Exercise,0
poses/wall.pose,en,ase,0,0,wall,Wall,0
poses/catch.pose,en,ase,0,0,catch,Catch,0
poses/mount.pose,en,ase,0,0,mount,Mount,0
poses/wish.pose,en,ase,0,0,wish,Wish,0
poses/sky.pose,en,ase,0,0,sky,Sky,0
poses/board.pose,en,ase,0,0,board,Board,0
poses/joy.pose,en,ase,0,0,joy,Joy,0
poses/winter.pose,en,ase,0,0,winter,Winter,0
poses/sat.pose,en,ase,0,0,sat,Sat,0
poses/written.pose,en,ase,0,0,written,Written,0
poses/wild.pose,en,ase,0,0,wild,Wild,0
poses/instrument.pose,en,ase,0,0,instrument,Instrument,0
poses/kept.pose,en,ase,0,0,kept,Kept,0
poses/glass.pose,en,ase,0,0,glass,Glass,0
poses/grass.pose,en,ase,0,0,grass,Grass,0
poses/cow.pose,en,ase,0,0,cow,Cow,0
poses/job.pose,en,ase,0,0,job,Job,0
poses/edge.pose,en,ase,0,0,edge,Edge,0
poses/sign.pose,en,ase,0,0,sign,Sign,0
poses/visit.pose,en,ase,0,0,visit,Visit,0
poses/past.pose,en,ase,0,0,past,Past,0
poses/soft.pose,en,ase,0,0,soft,Soft,0
poses/fun.pose,en,ase,0,0,fun,Fun,0
poses/bright.pose,en,ase,0,0,bright,Bright,0
poses/gas.pose,en,ase,0,0,gas,Gas,0
poses/weather.pose,en,ase,0,0,weather,Weather,0
poses/month.pose,en,ase,0,0,month,Month,0
poses/million.pose,en,ase,0,0,million,Million,0
poses/bear.pose,en,ase,0,0,bear,Bear,0
poses/finish.pose,en,ase,0,0,finish,Finish,0
poses/happy.pose,en,ase,0,0,happy,Happy,0
poses/hope.pose,en,ase,0,0,hope,Hope,0
poses/flower.pose,en,ase,0,0,flower,Flower,0
poses/clothe.pose,en,ase,0,0,clothe,Clothe,0
poses/strange.pose,en,ase,0,0,strange,Strange,0
poses/gone.pose,en,ase,0,0,gone,Gone,0
poses/jump.pose,en,ase,0,0,jump,Jump,0
poses/baby.pose,en,ase,0,0,baby,Baby,0
poses/eight.pose,en,ase,0,0,eight,Eight,0
poses/village.pose,en,ase,0,0,village,Village,0
poses/meet.pose,en,ase,0,0,meet,Meet,0
poses/root.pose,en,ase,0,0,root,Root,0
poses/buy.pose,en,ase,0,0,buy,Buy,0
poses/raise.pose,en,ase,0,0,raise,Raise,0
poses/solve.pose,en,ase,0,0,solve,Solve,0
poses/metal.pose,en,ase,0,0,metal,Metal,0
poses/whether.pose,en,ase,0,0,whether,Whether,0
poses/push.pose,en,ase,0,0,push,Push,0
poses/seven.pose,en,ase,0,0,seven,Seven,0
poses/paragraph.pose,en,ase,0,0,paragraph,Paragraph,0
poses/third.pose,en,ase,0,0,third,Third,0
poses/shall.pose,en,ase,0,0,shall,Shall,0
poses/held.pose,en,ase,0,0,held,Held,0
poses/hair.pose,en,ase,0,0,hair,Hair,0
poses/describe.pose,en,ase,0,0,describe,Describe,0
poses/cook.pose,en,ase,0,0,cook,Cook,0
poses/floor.pose,en,ase,0,0,floor,Floor,0
poses/either.pose,en,ase,0,0,either,Either,0
poses/result.pose,en,ase,0,0,result,Result,0
poses/burn.pose,en,ase,0,0,burn,Burn,0
poses/hill.pose,en,ase,0,0,hill,Hill,0
poses/safe.pose,en,ase,0,0,safe,Safe,0
poses/cat.pose,en,ase,0,0,cat,Cat,0
poses/century.pose,en,ase,0,0,century,Century,0
poses/consider.pose,en,ase,0,0,consider,Consider,0
poses/type.pose,en,ase,0,0,type,Type,0
poses/law.pose,en,ase,0,0,law,Law,0
poses/bit.pose,en,ase,0,0,bit,Bit,0
poses/coast.pose,en,ase,0,0,coast,Coast,0
poses/copy.pose,en,ase,0,0,copy,Copy,0
poses/phrase.pose,en,ase,0,0,phrase,Phrase,0
poses/silent.pose,en,ase,0,0,silent,Silent,0
poses/tall.pose,en,ase,0,0,tall,Tall,0
poses/sand.pose,en,ase,0,0,sand,Sand,0
poses/soil.pose,en,ase,0,0,soil,Soil,0
poses/roll.pose,en,ase,0,0,roll,Roll,0
poses/temperature.pose,en,ase,0,0,temperature,Temperature,0
poses/finger.pose,en,ase,0,0,finger,Finger,0
poses/industry.pose,en,ase,0,0,industry,Industry,0
poses/value.pose,en,ase,0,0,value,Value,0
poses/fight.pose,en,ase,0,0,fight,Fight,0
poses/lie.pose,en,ase,0,0,lie,Lie,0
poses/beat.pose,en,ase,0,0,beat,Beat,0
poses/excite.pose,en,ase,0,0,excite,Excite,0
poses/natural.pose,en,ase,0,0,natural,Natural,0
poses/view.pose,en,ase,0,0,view,View,0
poses/sense.pose,en,ase,0,0,sense,Sense,0
poses/ear.pose,en,ase,0,0,ear,Ear,0
poses/else.pose,en,ase,0,0,else,Else,0
poses/quite.pose,en,ase,0,0,quite,Quite,0
poses/broke.pose,en,ase,0,0,broke,Broke,0
poses/case.pose,en,ase,0,0,case,Case,0
poses/middle.pose,en,ase,0,0,middle,Middle,0
poses/kill.pose,en,ase,0,0,kill,Kill,0
poses/son.pose,en,ase,0,0,son,Son,0
poses/lake.pose,en,ase,0,0,lake,Lake,0
poses/moment.pose,en,ase,0,0,moment,Moment,0
poses/scale.pose,en,ase,0,0,scale,Scale,0
poses/loud.pose,en,ase,0,0,loud,Loud,0
poses/spring.pose,en,ase,0,0,spring,Spring,0
poses/observe.pose,en,ase,0,0,observe,Observe,0
poses/child.pose,en,ase,0,0,child,Child,0
poses/straight.pose,en,ase,0,0,straight,Straight,0
poses/consonant.pose,en,ase,0,0,consonant,Consonant,0
poses/nation.pose,en,ase,0,0,nation,Nation,0
poses/dictionary.pose,en,ase,0,0,dictionary,Dictionary,0
poses/milk.pose,en,ase,0,0,milk,Milk,0
poses/speed.pose,en,ase,0,0,speed,Speed,0
poses/method.pose,en,ase,0,0,method,Method,0
poses/organ.pose,en,ase,0,0,organ,Organ,0
poses/pay.pose,en,ase,0,0,pay,Pay,0
poses/age.pose,en,ase,0,0,age,Age,0
poses/section.pose,en,ase,0,0,section,Section,0
poses/dress.pose,en,ase,0,0,dress,Dress,0
poses/cloud.pose,en,ase,0,0,cloud,Cloud,0
poses/surprise.pose,en,ase,0,0,surprise,Surprise,0
poses/quiet.pose,en,ase,0,0,quiet,Quiet,0
poses/stone.pose,en,ase,0,0,stone,Stone,0
poses/tiny.pose,en,ase,0,0,tiny,Tiny,0
poses/climb.pose,en,ase,0,0,climb,Climb,0
poses/cool.pose,en,ase,0,0,cool,Cool,0
poses/design.pose,en,ase,0,0,design,Design,0
poses/poor.pose,en,ase,0,0,poor,Poor,0
poses/lot.pose,en,ase,0,0,lot,Lot,0
poses/experiment.pose,en,ase,0,0,experiment,Experiment,0
poses/bottom.pose,en,ase,0,0,bottom,Bottom,0
poses/key.pose,en,ase,0,0,key,Key,0
poses/iron.pose,en,ase,0,0,iron,Iron,0
poses/single.pose,en,ase,0,0,single,Single,0
poses/stick.pose,en,ase,0,0,stick,Stick,0
poses/flat.pose,en,ase,0,0,flat,Flat,0
poses/twenty.pose,en,ase,0,0,twenty,Twenty,0
poses/skin.pose,en,ase,0,0,skin,Skin,0
poses/smile.pose,en,ase,0,0,smile,Smile,0
poses/crease.pose,en,ase,0,0,crease,Crease,0
poses/hole.pose,en,ase,0,0,hole,Hole,0
poses/trade.pose,en,ase,0,0,trade,Trade,0
poses/melody.pose,en,ase,0,0,melody,Melody,0
poses/trip.pose,en,ase,0,0,trip,Trip,0
poses/office.pose,en,ase,0,0,office,Office,0
poses/receive.pose,en,ase,0,0,receive,Receive,0
poses/row.pose,en,ase,0,0,row,Row,0
poses/mouth.pose,en,ase,0,0,mouth,Mouth,0
poses/exact.pose,en,ase,0,0,exact,Exact,0
poses/symbol.pose,en,ase,0,0,symbol,Symbol,0
poses/die.pose,en,ase,0,0,die,Die,0
poses/least.pose,en,ase,0,0,least,Least,0
poses/trouble.pose,en,ase,0,0,trouble,Trouble,0
poses/shout.pose,en,ase,0,0,shout,Shout,0
poses/except.pose,en,ase,0,0,except,Except,0
poses/wrote.pose,en,ase,0,0,wrote,Wrote,0
poses/seed.pose,en,ase,0,0,seed,Seed,0
poses/tone.pose,en,ase,0,0,tone,Tone,0
poses/join.pose,en,ase,0,0,join,Join,0
poses/suggest.pose,en,ase,0,0,suggest,Suggest,0
poses/clean.pose,en,ase,0,0,clean,Clean,0
poses/break.pose,en,ase,0,0,break,Break,0
poses/lady.pose,en,ase,0,0,lady,Lady,0
poses/yard.pose,en,ase,0,0,yard,Yard,0
poses/rise.pose,en,ase,0,0,rise,Rise,0
poses/bad.pose,en,ase,0,0,bad,Bad,0
poses/blow.pose,en,ase,0,0,blow,Blow,0
poses/oil.pose,en,ase,0,0,oil,Oil,0
poses/blood.pose,en,ase,0,0,blood,Blood,0
poses/touch.pose,en,ase,0,0,touch,Touch,0
poses/grew.pose,en,ase,0,0,grew,Grew,0
poses/cent.pose,en,ase,0,0,cent,Cent,0
poses/mix.pose,en,ase,0,0,mix,Mix,0
poses/team.pose,en,ase,0,0,team,Team,0
poses/wire.pose,en,ase,0,0,wire,Wire,0
poses/cost.pose,en,ase,0,0,cost,Cost,0
poses/lost.pose,en,ase,0,0,lost,Lost,0
poses/brown.pose,en,ase,0,0,brown,Brown,0
poses/wear.pose,en,ase,0,0,wear,Wear,0
poses/garden.pose,en,ase,0,0,garden,Garden,0
poses/equal.pose,en,ase,0,0,equal,Equal,0
poses/sent.pose,en,ase,0,0,sent,Sent,0
poses/choose.pose,en,ase,0,0,choose,Choose,0
poses/fell.pose,en,ase,0,0,fell,Fell,0
poses/fit.pose,en,ase,0,0,fit,Fit,0
poses/flow.pose,en,ase,0,0,flow,Flow,0
poses/fair.pose,en,ase,0,0,fair,Fair,0
poses/bank.pose,en,ase,0,0,bank,Bank,0
poses/collect.pose,en,ase,0,0,collect,Collect,0
poses/save.pose,en,ase,0,0,save,Save,0
poses/control.pose,en,ase,0,0,control,Control,0
poses/decimal.pose,en,ase,0,0,decimal,Decimal,0
poses/gentle.pose,en,ase,0,0,gentle,Gentle,0
poses/woman.pose,en,ase,0,0,woman,Woman,0
poses/captain.pose,en,ase,0,0,captain,Captain,0
poses/practice.pose,en,ase,0,0,practice,Practice,0
poses/separate.pose,en,ase,0,0,separate,Separate,0
poses/difficult.pose,en,ase,0,0,difficult,Difficult,0
poses/doctor.pose,en,ase,0,0,doctor,Doctor,0
poses/please.pose,en,ase,0,0,please,Please,0
poses/protect.pose,en,ase,0,0,protect,Protect,0
poses/noon.pose,en,ase,0,0,noon,Noon,0
poses/whose.pose,en,ase,0,0,whose,Whose,0
poses/locate.pose,en,ase,0,0,locate,Locate,0
poses/ring.pose,en,ase,0,0,ring,Ring,0
poses/character.pose,en,ase,0,0,character,Character,0
poses/insect.pose,en,ase,0,0,insect,Insect,0
poses/caught.pose,en,ase,0,0,caught,Caught,0
poses/period.pose,en,ase,0,0,period,Period,0
poses/indicate.pose,en,ase,0,0,indicate,Indicate,0
poses/radio.pose,en,ase,0,0,radio,Radio,0
poses/spoke.pose,en,ase,0,0,spoke,Spoke,0
poses/atom.pose,en,ase,0,0,atom,Atom,0
poses/human.pose,en,ase,0,0,human,Human,0
poses/history.pose,en,ase,0,0,history,History,0
poses/effect.pose,en,ase,0,0,effect,Effect,0
poses/electric.pose,en,ase,0,0,electric,Electric,0
poses/expect.pose,en,ase,0,0,expect,Expect,0
poses/crop.pose,en,ase,0,0,crop,Crop,0
poses/modern.pose,en,ase,0,0,modern,Modern,0
poses/element.pose,en,ase,0,0,element,Element,0
poses/hit.pose,en,ase,0,0,hit,Hit,0
poses/student.pose,en,ase,0,0,student,Student,0
poses/corner.pose,en,ase,0,0,corner,Corner,0
poses/party.pose,en,ase,0,0,party,Party,0
poses/supply.pose,en,ase,0,0,supply,Supply,0
poses/bone.pose,en,ase,0,0,bone,Bone,0
poses/rail.pose,en,ase,0,0,rail,Rail,0
poses/imagine.pose,en,ase,0,0,imagine,Imagine,0
poses/provide.pose,en,ase,0,0,provide,Provide,0
poses/agree.pose,en,ase,0,0,agree,Agree,0
poses/thus.pose,en,ase,0,0,thus,Thus,0
poses/capital.pose,en,ase,0,0,capital,Capital,0
poses/won't.pose,en,ase,0,0,won't,Won't,0
poses/chair.pose,en,ase,0,0,chair,Chair,0
poses/danger.pose,en,ase,0,0,danger,Danger,0
poses/fruit.pose,en,ase,0,0,fruit,Fruit,0
poses/rich.pose,en,ase,0,0,rich,Rich,0
poses/thick.pose,en,ase,0,0,thick,Thick,0
poses/soldier.pose,en,ase,0,0,soldier,Soldier,0
poses/process.pose,en,ase,0,0,process,Process,0
poses/operate.pose,en,ase,0,0,operate,Operate,0
poses/guess.pose,en,ase,0,0,guess,Guess,0
poses/necessary.pose,en,ase,0,0,necessary,Necessary,0
poses/sharp.pose,en,ase,0,0,sharp,Sharp,0
poses/wing.pose,en,ase,0,0,wing,Wing,0
poses/create.pose,en,ase,0,0,create,Create,0
poses/neighbor.pose,en,ase,0,0,neighbor,Neighbor,0
poses/wash.pose,en,ase,0,0,wash,Wash,0
poses/bat.pose,en,ase,0,0,bat,Bat,0
poses/rather.pose,en,ase,0,0,rather,Rather,0
poses/crowd.pose,en,ase,0,0,crowd,Crowd,0
poses/corn.pose,en,ase,0,0,corn,Corn,0
poses/compare.pose,en,ase,0,0,compare,Compare,0
poses/poem.pose,en,ase,0,0,poem,Poem,0
poses/string.pose,en,ase,0,0,string,String,0
poses/bell.pose,en,ase,0,0,bell,Bell,0
poses/depend.pose,en,ase,0,0,depend,Depend,0
poses/meat.pose,en,ase,0,0,meat,Meat,0
poses/rub.pose,en,ase,0,0,rub,Rub,0
poses/tube.pose,en,ase,0,0,tube,Tube,0
poses/famous.pose,en,ase,0,0,famous,Famous,0
poses/dollar.pose,en,ase,0,0,dollar,Dollar,0
poses/stream.pose,en,ase,0,0,stream,Stream,0
poses/fear.pose,en,ase,0,0,fear,Fear,0
poses/sight.pose,en,ase,0,0,sight,Sight,0
poses/thin.pose,en,ase,0,0,thin,Thin,0
poses/triangle.pose,en,ase,0,0,triangle,Triangle,0
poses/planet.pose,en,ase,0,0,planet,Planet,0
poses/hurry.pose,en,ase,0,0,hurry,Hurry,0
poses/chief.pose,en,ase,0,0,chief,Chief,0
poses/colony.pose,en,ase,0,0,colony,Colony,0
poses/clock.pose,en,ase,0,0,clock,Clock,0
poses/mine.pose,en,ase,0,0,mine,Mine,0
poses/tie.pose,en,ase,0,0,tie,Tie,0
poses/enter.pose,en,ase,0,0,enter,Enter,0
poses/major.pose,en,ase,0,0,major,Major,0
poses/fresh.pose,en,ase,0,0,fresh,Fresh,0
poses/search.pose,en,ase,0,0,search,Search,0
poses/send.pose,en,ase,0,0,send,Send,0
poses/yellow.pose,en,ase,0,0,yellow,Yellow,0
poses/gun.pose,en,ase,0,0,gun,Gun,0
poses/allow.pose,en,ase,0,0,allow,Allow,0
poses/print.pose,en,ase,0,0,print,Print,0
poses/dead.pose,en,ase,0,0,dead,Dead,0
poses/spot.pose,en,ase,0,0,spot,Spot,0
poses/desert.pose,en,ase,0,0,desert,Desert,0
poses/suit.pose,en,ase,0,0,suit,Suit,0
poses/current.pose,en,ase,0,0,current,Current,0
poses/lift.pose,en,ase,0,0,lift,Lift,0
poses/rose.pose,en,ase,0,0,rose,Rose,0
poses/continue.pose,en,ase,0,0,continue,Continue,0
poses/block.pose,en,ase,0,0,block,Block,0
poses/chart.pose,en,ase,0,0,chart,Chart,0
poses/hat.pose,en,ase,0,0,hat,Hat,0
poses/sell.pose,en,ase,0,0,sell,Sell,0
poses/success.pose,en,ase,0,0,success,Success,0
poses/company.pose,en,ase,0,0,company,Company,0
poses/subtract.pose,en,ase,0,0,subtract,Subtract,0
poses/event.pose,en,ase,0,0,event,Event,0
poses/particular.pose,en,ase,0,0,particular,Particular,0
poses/deal.pose,en,ase,0,0,deal,Deal,0
poses/swim.pose,en,ase,0,0,swim,Swim,0
poses/term.pose,en,ase,0,0,term,Term,0
poses/opposite.pose,en,ase,0,0,opposite,Opposite,0
poses/wife.pose,en,ase,0,0,wife,Wife,0
poses/shoe.pose,en,ase,0,0,shoe,Shoe,0
poses/shoulder.pose,en,ase,0,0,shoulder,Shoulder,0
poses/spread.pose,en,ase,0,0,spread,Spread,0
poses/arrange.pose,en,ase,0,0,arrange,Arrange,0
poses/camp.pose,en,ase,0,0,camp,Camp,0
poses/invent.pose,en,ase,0,0,invent,Invent,0
poses/cotton.pose,en,ase,0,0,cotton,Cotton,0
poses/born.pose,en,ase,0,0,born,Born,0
poses/determine.pose,en,ase,0,0,determine,Determine,0
poses/quart.pose,en,ase,0,0,quart,Quart,0
poses/nine.pose,en,ase,0,0,nine,Nine,0
poses/truck.pose,en,ase,0,0,truck,Truck,0
poses/noise.pose,en,ase,0,0,noise,Noise,0
poses/level.pose,en,ase,0,0,level,Level,0
poses/chance.pose,en,ase,0,0,chance,Chance,0
poses/gather.pose,en,ase,0,0,gather,Gather,0
poses/shop.pose,en,ase,0,0,shop,Shop,0
poses/stretch.pose,en,ase,0,0,stretch,Stretch,0
poses/throw.pose,en,ase,0,0,throw,Throw,0
poses/shine.pose,en,ase,0,0,shine,Shine,0
poses/property.pose,en,ase,0,0,property,Property,0
poses/column.pose,en,ase,0,0,column,Column,0
poses/molecule.pose,en,ase,0,0,molecule,Molecule,0
poses/select.pose,en,ase,0,0,select,Select,0
poses/wrong.pose,en,ase,0,0,wrong,Wrong,0
poses/gray.pose,en,ase,0,0,gray,Gray,0
poses/repeat.pose,en,ase,0,0,repeat,Repeat,0
poses/require.pose,en,ase,0,0,require,Require,0
poses/broad.pose,en,ase,0,0,broad,Broad,0
poses/prepare.pose,en,ase,0,0,prepare,Prepare,0
poses/salt.pose,en,ase,0,0,salt,Salt,0
poses/nose.pose,en,ase,0,0,nose,Nose,0
poses/plural.pose,en,ase,0,0,plural,Plural,0
poses/anger.pose,en,ase,0,0,anger,Anger,0
poses/claim.pose,en,ase,0,0,claim,Claim,0
poses/continent.pose,en,ase,0,0,continent,Continent,0
poses/oxygen.pose,en,ase,0,0,oxygen,Oxygen,0
poses/sugar.pose,en,ase,0,0,sugar,Sugar,0
poses/death.pose,en,ase,0,0,death,Death,0
poses/pretty.pose,en,ase,0,0,pretty,Pretty,0
poses/skill.pose,en,ase,0,0,skill,Skill,0
poses/women.pose,en,ase,0,0,women,Women,0
poses/season.pose,en,ase,0,0,season,Season,0
poses/solution.pose,en,ase,0,0,solution,Solution,0
poses/magnet.pose,en,ase,0,0,magnet,Magnet,0
poses/silver.pose,en,ase,0,0,silver,Silver,0
poses/thank.pose,en,ase,0,0,thank,Thank,0
poses/branch.pose,en,ase,0,0,branch,Branch,0
poses/match.pose,en,ase,0,0,match,Match,0
poses/suffix.pose,en,ase,0,0,suffix,Suffix,0
poses/especially.pose,en,ase,0,0,especially,Especially,0
poses/fig.pose,en,ase,0,0,fig,Fig,0
poses/afraid.pose,en,ase,0,0,afraid,Afraid,0
poses/huge.pose,en,ase,0,0,huge,Huge,0
poses/sister.pose,en,ase,0,0,sister,Sister,0
poses/steel.pose,en,ase,0,0,steel,Steel,0
poses/discuss.pose,en,ase,0,0,discuss,Discuss,0
poses/forward.pose,en,ase,0,0,forward,Forward,0
poses/similar.pose,en,ase,0,0,similar,Similar,0
poses/guide.pose,en,ase,0,0,guide,Guide,0
poses/experience.pose,en,ase,0,0,experience,Experience,0
poses/score.pose,en,ase,0,0,score,Score,0
poses/apple.pose,en,ase,0,0,apple,Apple,0
poses/bought.pose,en,ase,0,0,bought,Bought,0
poses/led.pose,en,ase,0,0,led,Led,0
poses/pitch.pose,en,ase,0,0,pitch,Pitch,0
poses/coat.pose,en,ase,0,0,coat,Coat,0
poses/mass.pose,en,ase,0,0,mass,Mass,0
poses/card.pose,en,ase,0,0,card,Card,0
poses/band.pose,en,ase,0,0,band,Band,0
poses/rope.pose,en,ase,0,0,rope,Rope,0
poses/slip.pose,en,ase,0,0,slip,Slip,0
poses/win.pose,en,ase,0,0,win,Win,0
poses/dream.pose,en,ase,0,0,dream,Dream,0
poses/evening.pose,en,ase,0,0,evening,Evening,0
poses/condition.pose,en,ase,0,0,condition,Condition,0
poses/feed.pose,en,ase,0,0,feed,Feed,0
poses/tool.pose,en,ase,0,0,tool,Tool,0
poses/total.pose,en,ase,0,0,total,Total,0
poses/basic.pose,en,ase,0,0,basic,Basic,0
poses/smell.pose,en,ase,0,0,smell,Smell,0
poses/valley.pose,en,ase,0,0,valley,Valley,0
poses/nor.pose,en,ase,0,0,nor,Nor,0
poses/double.pose,en,ase,0,0,double,Double,0
poses/seat.pose,en,ase,0,0,seat,Seat,0
poses/arrive.pose,en,ase,0,0,arrive,Arrive,0
poses/master.pose,en,ase,0,0,master,Master,0
poses/track.pose,en,ase,0,0,track,Track,0
poses/parent.pose,en,ase,0,0,parent,Parent,0
poses/shore.pose,en,ase,0,0,shore,Shore,0
poses/division.pose,en,ase,0,0,division,Division,0
poses/sheet.pose,en,ase,0,0,sheet,Sheet,0
poses/substance.pose,en,ase,0,0,substance,Substance,0
poses/favor.pose,en,ase,0,0,favor,Favor,0
poses/connect.pose,en,ase,0,0,connect,Connect,0
poses/post.pose,en,ase,0,0,post,Post,0
poses/spend.pose,en,ase,0,0,spend,Spend,0
poses/chord.pose,en,ase,0,0,chord,Chord,0
poses/fat.pose,en,ase,0,0,fat,Fat,0
poses/glad.pose,en,ase,0,0,glad,Glad,0
poses/original.pose,en,ase,0,0,original,Original,0
poses/share.pose,en,ase,0,0,share,Share,0
poses/station.pose,en,ase,0,0,station,Station,0
poses/dad.pose,en,ase,0,0,dad,Dad,0
poses/bread.pose,en,ase,0,0,bread,Bread,0
poses/charge.pose,en,ase,0,0,charge,Charge,0
poses/proper.pose,en,ase,0,0,proper,Proper,0
poses/bar.pose,en,ase,0,0,bar,Bar,0
poses/offer.pose,en,ase,0,0,offer,Offer,0
poses/segment.pose,en,ase,0,0,segment,Segment,0
poses/slave.pose,en,ase,0,0,slave,Slave,0
poses/duck.pose,en,ase,0,0,duck,Duck,0
poses/instant.pose,en,ase,0,0,instant,Instant,0
poses/market.pose,en,ase,0,0,market,Market,0
poses/degree.pose,en,ase,0,0,degree,Degree,0
poses/populate.pose,en,ase,0,0,populate,Populate,0
poses/chick.pose,en,ase,0,0,chick,Chick,0
poses/dear.pose,en,ase,0,0,dear,Dear,0
poses/enemy.pose,en,ase,0,0,enemy,Enemy,0
poses/reply.pose,en,ase,0,0,reply,Reply,0
poses/drink.pose,en,ase,0,0,drink,Drink,0
poses/occur.pose,en,ase,0,0,occur,Occur,0
poses/support.pose,en,ase,0,0,support,Support,0
poses/speech.pose,en,ase,0,0,speech,Speech,0
poses/nature.pose,en,ase,0,0,nature,Nature,0
poses/range.pose,en,ase,0,0,range,Range,0
poses/steam.pose,en,ase,0,0,steam,Steam,0
poses/motion.pose,en,ase,0,0,motion,Motion,0
poses/path.pose,en,ase,0,0,path,Path,0
poses/liquid.pose,en,ase,0,0,liquid,Liquid,0
poses/log.pose,en,ase,0,0,log,Log,0
poses/meant.pose,en,ase,0,0,meant,Meant,0
poses/quotient.pose,en,ase,0,0,quotient,Quotient,0
poses/teeth.pose,en,ase,0,0,teeth,Teeth,0
poses/shell.pose,en,ase,0,0,shell,Shell,0
poses/nec.pose,en,ase,0,0,nec,Nec,0
